id,title,query,s2_id,duplicated
18231321944521159331,A brief review of magnetic anomaly detection,anomaly+review,NA,
18418379730610047095,A comprehensive review on deep learning-based methods for video anomaly detection,anomaly+review,NA,
6467652050048925755,A comprehensive survey of anomaly detection algorithms,anomaly+survey,NA,
14455077719625622269,A comprehensive survey of anomaly detection techniques for high dimensional big data,anomaly+review,aca6d5f3866372a4506cf15773ae298f18c3f453,
210487086558145174,A comprehensive survey of numeric and symbolic outlier mining techniques,outlier+review,31f5fa100bb9acae50d44003340a4419637c3e55,
5640775539800892593,A comprehensive survey on graph anomaly detection with deep learning,anomaly+review,35067cc8153b7e6270797fffaefc5c9cefdfe515,
17539739784278896405,A comprehensive survey on network anomaly detection,anomaly+review,f38a103da4bfc281a811b03099e1c39751722a8c,
17123585553392885465,A critical literature survey and prospects on tampering and anomaly detection in image data,anomaly+survey,NA,
13412125824503836968,A critical overview of outlier detection methods,outlier+review,NA,
11682253454495045953,A deep learning framework to early identify emerging technologies in large-scale outlier patents: an empirical study of CNC machine tool,outlier+review,NA,
1405727943481808187,A five step procedure for outlier analysis in data mining,outlier+review,NA,
3499913356685463147,A holistic review of network anomaly detection systems: A comprehensive survey,anomaly+review,8a45159d31b1733b43d6de734109c3f7c08f83b9,
866583624957692612,A methodological overview on anomaly detection,anomaly+review,NA,
5313019246199584612,A note on detecting statistical outliers in psychophysical data,outlier+review,NA,
2485353769472321268,A note on the use of outlier criteria in Ontario laboratory quality control schemes,outlier+review,NA,
6240852886196145910,A review and comparison of methods for detecting outliers in univariate data sets,outlier+review,NA,
9247923782792423899,A review of anomaly based intrusion detection systems,anomaly+review,9c21441e384c32bea9680648417e91884b7aaff4,
5940790786873489993,A review of anomaly detection in automated surveillance,anomaly+review,96f078dfce27a22e9fd5c4ae12a664c0e790bfac,
2515951473840507536,A review of anomaly detection techniques and applications in financial fraud,anomaly+review,NA,
14127356168744158577,A review of local outlier factor algorithms for outlier detection in big data streams,outlier+review,e449b9b3fe04fe260731a3c74d2123bf6eaadf5b,
2196404672610548858,A review of machine learning based anomaly detection techniques,anomaly+review,edac268e01575c2e44008c1aca04ecd0a80726a1,
6060325318518681946,A review of outlier prediction techniques in data mining,outlier+review,9405d078ac84a28c9fc3c851fc7cdc8ac80ec95d,
15762459163975851892,A review of SCADA anomaly detection systems,anomaly+review,de6d5632784f00d9fba7b3ae4e0c0ee880a4511a,
8566178537947380771,A review of statistical outlier methods,outlier+review,0469f92dbce67ec4444d094e818eeebaaed3d8d5,
11078250644925169170,A review of tree-based approaches for anomaly detection,anomaly+review,NA,
1597902505800476682,A review of various statistical methods for outlier detection,outlier+review,3b6e32110d161c3d6f42e4b2fc85da9c6c58533d,
4633078166567403629,A Review on Negative Road Anomaly Detection Methods,anomaly+review,NA,
8826535957880741022,A review on outlier detection techniques on data stream by using different approaches of K-Means algorithm,outlier+review,19f39cdfb273311e0cc1f57628fde9e8787b33b7,
15456767634218974696,A review on outlier/anomaly detection in time series data,outlier+review,429173b6033ce240e0b5930379417f703d0e38fe,
17973964467895315693,A survey of anomaly detection in industrial wireless sensor networks with critical water system infrastructure as a case study,anomaly+survey,62f43b69f719842a9b6871b8fb3ad2f8bb38d169,
13454748010419248917,A survey of anomaly detection methods in networks,anomaly+survey,,
16176558278332997675,A survey of anomaly detection techniques in financial domain,anomaly+survey,5b55d69c4b5f9a371f04944453283ed36ddb90ce,
9106996279436768745,A survey of data mining and social network analysis based anomaly detection techniques,anomaly+survey,d885782689d2530ef79d8d4b7575147893eb36a2,
2009558212374234535,A survey of deep learning-based network anomaly detection,anomaly+survey,1605d856f4502c2ddd234b8c61bbbe1fc22af3ef,
14360846323367457373,A survey of distance and similarity measures used within network intrusion anomaly detection,anomaly+survey,2925a374d23127cc58027b4437a3f1dea8f02844,
496723865740701577,A survey of machine learning methods applied to anomaly detection on drinking-water quality data,anomaly+survey,e0a37b2a682995a0c5f2d6927d5296d8e9c4684c,
9031285360332520732,A survey of network anomaly detection techniques,anomaly+review,2eb2320ff1e1a109d9c8bf0d53b3edc370d4cea6,
7673946901528599193,A survey of network anomaly visualization,anomaly+review,451dc5c6d2ef3eb6788403fe0ca7685ae89209bc,
15648331434899089611,A survey of outlier detection algorithms for data streams,outlier+survey,1cb7d8ede56d077eb5dcbc25bbe1d95999341060,
14452029072770746486,A survey of outlier detection in high dimensional data streams,outlier+review,e6d97dbd38393b0c3bce95fde0545f5866be7826,
1813151427234805397,A survey of outlier detection methodologies,outlier+review,fbf26e1085ac3b038f47d4d1945ebda45d5e57fb,
4892500169130221652,A survey of outlier detection methodologies and their applications,outlier+survey,8daf1666b24552876330810a4602f8f3743de90b,
1431612754104698250,A survey of outlier detection methods in network anomaly identification,outlier+survey,b83a6c77e61a38ada308992cc579c8cd49ee16f4,
14692785047267228388,A survey of outlier detection techniques in IoT: review and classification,outlier+review,372bcdd6e136ae08cea955e6c9c3ed716a98326c,
14758526282479627786,A survey of research on anomaly detection for time series,anomaly+survey,16e5150bcb2f516c4482b11bfbe579ac928d5978,
8828711174476526635,A survey of single-scene video anomaly detection,anomaly+review,02d0ef096d3b39bb83a344393522360aaf69d694,
8263274720257032608,A survey on anomaly based host intrusion detection system,anomaly+survey,6d7b1e32a3c8bb8cf4f51f4c0561146c437bc766,
13672991244157122447,A survey on anomaly based intrusion detection system,anomaly+survey,fcb4631cead2219da5eb74b19966146509869864,
1172599405174416728,A survey on anomaly detection for technical systems using LSTM networks,anomaly+review,84a7897cf8542b097d7ceff6e9daa6d97b4ad952,
13075903367544403689,A survey on gans for anomaly detection,anomaly+survey,0bdd74925d662a78efdf130d953dff97a131d12a,
7624758741472653805,A survey on log anomaly detection using deep learning,anomaly+survey,6555b55e0c7c57f01323bad931d21646b2588a25,
931319268019178992,A survey on machine learning and outlier detection techniques,outlier+survey,7f5a2a9daa38c38dd3768cb3686062ee3addf91e,
3801958955951520593,A survey on outlier detection in financial transactions,outlier+survey,6cd9214579b20a2a709554321e9c6cfacf0b0a54,
5679567855164274190,A survey on outlier detection in the context of stream mining: review of existing approaches and recommadations,outlier+review,e4f6442951c51c2ff2541e0252d7110fbd1591be,
6637545013878501925,A survey on outlier detection methods,outlier+survey,759d21394435103ca62d23955f9bb99edda5e878,
6772685838937794422,A survey on outlier detection techniques for credit card fraud detection,outlier+survey,863e77593b9c3abed4d83348e2dc898a0bd9e850,
9819441409454586346,A survey on outlier explanations,outlier+survey,096134e08d39c17b13344e773a78a2649206f22a,
3478750403925878250,A survey on social media anomaly detection,anomaly+survey,2212e42e73bcc61e861428f32bf1180e81f3d049,
6869675435955578337,A survey on unsupervised outlier detection in high‐dimensional numerical data,outlier+review,b65fc8f5e7329f0476bc7280f0ef6b91a8c8484b,
2903897425567432622,A survey: outlier detection in streaming data using clustering approached,outlier+survey,65c9115da58f58001d7ebbdb5b974424b1c21a5d,
16748143692167041414,A systematic literature review on outlier detection in wireless sensor networks,outlier+review,6a152e021b84cf5768812a16c4bbf388702deadb,
14743957039789219611,A tutorial overview of anomaly detection in hyperspectral images,anomaly+review,NA,
535744563039386055,A unifying review of deep and shallow anomaly detection,anomaly+review,30b99ae0682d42a2010be401dd1d8f7baca9bb5f,
13589025543753957722,Acalvaria: a unique congenital anomaly,anomaly+review,NA,
17339740402089243898,Acardiac anomaly: current issues in prenatal assessment and treatment,anomaly+review,NA,
9052804679336664808,Accommodating outliers and nonlinearity in decision models,outlier+review,NA,
3168250136974544343,Activity and anomaly detection in smart home: A survey,anomaly+review,8960a7bb22481405c6c8d8b25918a7fec4073833,
17779151440091117197,Advancements of data anomaly detection research in wireless sensor networks: a survey and open issues,anomaly+survey,5d1076238166aeea8ad53de5865eaa1cc2ec5617,
11375383904794621025,Advancements of outlier detection: A survey,outlier+review,0e20a8346ee9181ba7ee27e857bd7c09ba34f8ba,
4065184568677411033,Ambulatory blood pressure monitoring: a critical review of the current methods to handle outliers.,outlier+review,NA,
3116158678780402209,An approach to the analysis of SDSS spectroscopic outliers based on self-organizing maps-Designing the outlier analysis software package for the next Gaia survey,outlier+survey,NA,
18241104271016231839,An approach toward the problem of outliers in QSAR,outlier+review,NA,
13301180887127729579,An introduction to outlier analysis,outlier+survey,NA,
11182472290590160198,An overview and a benchmark of active learning for outlier detection with one-class classifiers,outlier+review,NA,
10626268666258468536,An overview of anomaly detection techniques: Existing solutions and latest technological trends,anomaly+review,NA,
10287143914546869834,An overview of deep learning based methods for unsupervised and semi-supervised anomaly detection in videos,anomaly+review,NA,
3326545204149971804,An overview on trajectory outlier detection,outlier+review,b1bd0408e31eac1ef2bf1942388cf41d60fc710b,
10155373150015614376,Anomaly detection by robust statistics,anomaly+review,NA,
4299534356199833882,Anomaly detection for discrete sequences: A survey,anomaly+survey,53df899e1a18082b8654677b4c0aa95dbd96f0e0,
12024281859181766627,Anomaly detection for IoT time-series data: A survey,anomaly+review,30d65fbc8d71ac202ee8d7d5f0e58c63a6c6a957,
6640537701070652933,Anomaly Detection in Autonomous Driving: A Survey,anomaly+survey,e6c013c835be471502023b3f31d52d59ada76770,
4484113181406897685,Anomaly detection in blockchain networks: A comprehensive survey,anomaly+review,3652d15fbfdc4002a25c0ea94e7a6e76b7f9d796,
16090374183096898742,Anomaly detection in computer networks: A state-of-the-art review.,anomaly+review,f2a944c139038253e5a637bba6df2a1cc8985490,
4168737270685308874,Anomaly detection in dynamic networks: a survey,anomaly+review,23f9220e0ca8f2cb522c36d158ca88f043007c68,
8361506767342359562,Anomaly detection in online social network: A survey,anomaly+survey,116ec0808e7c2a49f7f96c4efe2568f89ef26ef1,
7508689150525391328,Anomaly detection in road traffic using visual surveillance: A survey,anomaly+review,88573561d2e662f53201971fab6ecf6beceefe73,
4370422915042112938,Anomaly detection in univariate time-series: A survey on the state-of-the-art,anomaly+survey,cf45bce52cca1f6e450ddaa1d19fe6e30661dffb,
18214717940256118043,Anomaly detection in wireless sensor networks,anomaly+survey,NA,
12742933431864796554,Anomaly detection in wireless sensor networks in a non-stationary environment,anomaly+survey,NA,
2532259948808409695,Anomaly detection in wireless sensor networks: A survey,anomaly+review,bc36143f51eb1a23b28eabb30af040f9f00a36b7,
141569629754130225,Anomaly detection methods for categorical data: A review,anomaly+review,NA,
5064548159304104538,Anomaly detection methods in wired networks: a survey and taxonomy,anomaly+review,NA,
2546662221722829923,"Anomaly detection, analysis and prediction techniques in iot environment: A systematic literature review",anomaly+review,4faebdc6299470cb9018f5446c6e779d0f9da8c0,
556402703576663948,Anomaly detection: A survey,anomaly+review,71d1ac92ad36b62a04f32ed75a10ad3259a7218d,
14834786797091428813,"Artificial intelligence based anomaly detection of energy consumption in buildings: A review, current trends and new perspectives",anomaly+review,NA,
6202896055905503535,Attack and anomaly detection in iot networks using machine learning techniques: A review,anomaly+review,NA,
7726295656868352732,Axial anomaly: The modern status,anomaly+review,NA,
3944837213410723121,Benchmarking of machine learning for anomaly based intrusion detection systems in the CICIDS2017 dataset,anomaly+review,NA,
7112575683114429433,"Best-practice recommendations for defining, identifying, and handling outliers",outlier+review,NA,
2449138419628332103,BGP anomaly detection techniques: A survey,anomaly+review,a7c2aa19f50ca94890553a4e854c3917a37849a8,
17926642465601485506,Cellular metabolism and disease: what do metabolic outliers teach us?,outlier+review,NA,
12099493419425416240,Characteristics and classification of outlier detection techniques for wireless sensor networks in harsh environments: a survey,outlier+survey,0aeacd30cd26d5ec2c895d42ba6dd995b8c9458d,
14453679053943329022,Chiral anomaly and transport in Weyl metals,anomaly+review,NA,
15985457559338707187,Data preprocessing for anomaly based network intrusion detection: A review,anomaly+review,0a9f0b436b610d4cef1a022ab6083ac2278dc7e2,
8628400851629327618,Dealing with outliers in survey data,outlier+survey,NA,
16622578027832423669,"Deep learning approaches for anomaly-based intrusion detection systems: A survey, taxonomy, and open issues",anomaly+survey,6a0e4209529b827cd86a52a4766968001a3f187c,
10085115476455036088,"Deep learning for anomaly detection in time-series data: review, analysis, and guidelines",anomaly+review,712e279ecea207968717d8401000e7ca0b7bb74d,
18078032682756398337,Deep learning for anomaly detection: A review,anomaly+review,NA,
14919802204024255526,Deep learning for anomaly detection: A survey,anomaly+survey,a2e667e4382aaa8e02a17d0522c1a910790ab65b,
10227166262903236614,Deep learning for medical anomaly detection–a survey,anomaly+review,4ed4dc4df5dbde2677852c33080e3c893bf0a5ba,
9579459676985496387,Deep learning for unsupervised anomaly localization in industrial images: A survey,anomaly+survey,NA,
124995188557041160,Deep learning-based anomaly detection in cyber-physical systems: Progress and opportunities,anomaly+review,NA,
6277786843845930281,"Detecting sensor faults, anomalies and outliers in the internet of things: A survey on the challenges and solutions",outlier+review,NA,
14063590249877963773,Detection of outliers,outlier+review,NA,
12732191284786253640,Disproportionate exposures in environmental justice and other populations: the importance of outliers,outlier+review,NA,
4964855116891967319,"Ebstein anomaly review: what's now, what's next?",anomaly+review,ff1d620cd11d2692c338b611674a16d2020942c9,
15332416151222156805,Ebstein s anomaly-review of a multifaceted congenital cardiac condition,anomaly+review,7007d22897336c1ca66b15fae916333f5ed0143a,
12564515697575572371,Ebstein's anomaly: clinical profile and natural history,anomaly+review,NA,
17337177513251010318,Ebstein's Anomaly: Review of Arrhythmia Types and Morphogenesis of the Anomaly,anomaly+review,NA,
14630049605547586287,"Educational anomaly analytics: features, methods, and challenges",anomaly+review,NA,
122551421726369637,Effective reading programs: A critical review of outlier studies,outlier+review,59126bb32742a783826d7297ff8ab24793524fbd,
5427439094357574702,Equatorial anomaly in F-region—a review,anomaly+review,NA,
12772896257227682658,"Esophageal atresia in the Northern Region Congenital Anomaly Survey, 1985-1997: prenatal diagnosis and outcome",anomaly+survey,b8cfa2a82ba0f5f8bfac57f3251135f12d5ce8ba,
17208669161770765967,Examining the unexpected: Outlier analyses of factors affecting student achievement,outlier+survey,NA,
10814697116078522392,Exploring stroke risk and prevention in China: insights from an outlier,outlier+review,855fe2f82d022ce00959a9f5f5a1f5f1ff5b5686,
5004077234097548274,Fraud detection: A systematic literature review of graph-based anomaly detection approaches,anomaly+review,fffbf0cbafa24f17fe5db8582efaa3406ebd08a4,
18300229826695862578,Functional rarity: the ecology of outliers,outlier+review,NA,
9127197821379080786,Fuzzy C-Means clustering algorithm for data with unequal cluster sizes and contaminated with noise and outliers: Review and development,outlier+review,NA,
4988077150684599939,GAN-based anomaly detection: A review,anomaly+review,NA,
11041332993293101569,Generalised measures of reliability for multiple outliers,outlier+review,NA,
13234086525968316726,Gleevec: prototype or outlier?,outlier+review,NA,
2616932922325721358,Graph based anomaly detection and description: a survey,anomaly+survey,0119f18eef5c4ff5aa4dcbca191fb4764de1de58,
2749878486685483211,Holy Grail of Outlier Detection Technique: A Macro Level Take on the State of the Art,outlier+review,NA,
10781956668461898730,Hyperspectral anomaly detection: A survey,anomaly+survey,07573d411accb9400da80e1badc8e27ecd7b0661,
13843485006544403001,Identifying R&D outliers,outlier+review,NA,
10999475202475533700,Image/video deep anomaly detection: A survey,anomaly+survey,49ae00b9a8539ba1a2a7d77408daad850fd33095,
11703285836142457071,Improving outlier detection in two establishment surveys,outlier+survey,NA,
17329117974970185653,Improving security using SVM-based anomaly detection: issues and challenges,anomaly+survey,NA,
9433740549629877673,Infanticide/neonaticide: The outlier situation in the United States,outlier+review,NA,
2402956232516267549,Integrating aspect analysis and local outlier factor for intelligent review spam detection,outlier+review,eb60d18eaa8923ec61d37e74e8d630bbd7e25b63,
9625156211940287532,Investigating the adequacy of response time outlier definitions in computer-based web surveys using paradata SurveyFocus,outlier+survey,5be90162528dff0ac6af5847e2e4f10392c1ce68,
343736120340982676,"Investor sentiment, accruals anomaly, and accruals management",anomaly+review,NA,
8878030008185031216,IoT anomaly detection methods and applications: A survey,anomaly+survey,NA,
13195319971245367878,Lean NAFLD: an underrecognized outlier,outlier+review,NA,
18266720518799539549,Longitudinal structure of the F-region equatorial anomaly—a review,anomaly+review,NA,
13683340325172595501,Machine learning for anomaly detection: A systematic review,anomaly+review,cbb29c6cd0203a811ab18574e85e6b74a1a68cfc,
4240946354646568373,Machine learning techniques for anomaly detection: an overview,anomaly+review,NA,
10798989244970333222,Machine learning techniques for network anomaly detection: A survey,anomaly+review,83a4575f6800e18fcf68cb8f57bf8242d97ed95a,
1936485934848137461,Manifestations and mechanisms of the Karakoram glacier Anomaly,anomaly+review,NA,
11310465641802770123,Maritime anomaly detection: A review,anomaly+review,12fad81d448dfc1b663981090d9ed508a65439fe,
11825850326617647872,Maritime anomaly detection: Domain introduction and review of selected literature,anomaly+review,e43c2cd01f0f4a85831180d27f8e9e0ebe6fb3b2,
15254688892039695472,Methods for anomaly detection: A survey,anomaly+survey,26da040de770b8956b4ab7f4b2ccf40465dde033,
4498899201606045077,Methods for dealing with reaction time outliers.,outlier+review,NA,
11504745976529457980,Mining unusual and rare stellar spectra from large spectroscopic survey data sets using the outlier-detection method,outlier+survey,c25d42bd1815868da7039f28fb9a8eb4e2fe0b66,
2599953816481226060,MiPo: How to Detect Trajectory Outliers with Tabular Outlier Detectors,outlier+review,NA,
16477312211792588310,More on the La Porte anomaly: A review,anomaly+review,NA,
51466906610502925,Morphologic spectrum of Ebstein's anomaly of the heart: a review.,anomaly+review,NA,
17184812000271762584,Morphological aspects of Ebstein's anomaly in adults,anomaly+review,NA,
7606960691361399074,Morphological Effects in SnO2 Chemiresistors for Ethanol Detection: A Review in Terms of Central Performances and Outliers,outlier+review,NA,
1491016629829224544,Multivariate outlier detection and robustness,outlier+review,NA,
5639346939961910146,Multivariate outlier detection in incomplete survey data: the epidemic algorithm and transformed rank correlations,outlier+survey,f22908064b3b94e9dc769b5602096fac2efc17e4,
3884491798315775737,Network anomaly detection research: a survey,anomaly+survey,4f2ef43b81a4dd319aa7f1d97cf27839e1cbb3ff,
14446809137472003814,Network anomaly detection system: The state of art of network behaviour analysis,anomaly+survey,NA,
9485343982777785484,"Network anomaly detection: methods, systems and tools",anomaly+review,NA,
12045150847239300315,Noise versus outliers,outlier+review,NA,
14061786101363796798,"On the Anglocentricities of current reading research and practice: the perils of overreliance on an"" outlier"" orthography.",outlier+review,NA,
4975852996964121796,Origins of mangrove ecosystems and the mangrove biodiversity anomaly,anomaly+review,NA,
18376227305904237566,Outlier and anomaly detection: a survey of outlier and anomaly detection methods,outlier+survey,33ac3796b735952652ae4aac692af40fe38c6204,
2024982053844418222,Outlier detection,outlier+review,NA,
4152424416220272116,Outlier detection and treatment in I/O psychology: A survey of researcher beliefs and an empirical illustration,outlier+survey,a49257d53937027e4122072a6746b4256aa7325d,
12627763177124134983,Outlier detection and treatment in industrial sampling survey,outlier+survey,aa4e2b76f055832ce609b9b37c14842bc6db6ac2,
16402888464779775495,Outlier detection approaches for wireless sensor networks: A survey,outlier+survey,9436440748a52254deb7d7391bfd564bbf139286,
11257514432422964350,Outlier detection for temporal data: A survey,outlier+survey,43d75d3a22db904d052d4c435e2d1f22be3887e0,
14369653415520742476,Outlier detection in audit logs for application systems,outlier+review,NA,
13508976315940828993,Outlier detection in streaming data a research perspective,outlier+review,NA,
2497834254457796394,Outlier detection in wireless sensor networks using machine learning techniques: a survey,outlier+survey,d6ce6aaf362ee1110c8518f573e183d1fe990dd6,
5107387879597969052,Outlier detection strategies for WSNs: A survey,outlier+review,fb048a713a1ae53d5c184e6c81131db4dc5753f6,
3546399092788189450,Outlier detection technique in data mining: a research perspective,outlier+review,NA,
10938541392383684395,Outlier detection techniques for localization in wireless sensor networks: A survey,outlier+survey,ef86056b7dbd1736b7f1edf786d6586a8b58cb21,
13595133371984624369,Outlier detection techniques for wireless sensor networks: A survey,outlier+review,e44e0ccd11fb5bc6c747f09b401cbbd597386d28,
9201769160500715699,Outlier detection techniques over streaming data in data mining: A research perspective,outlier+review,NA,
4692669585086585586,Outlier detection: A survey,outlier+survey,71d1ac92ad36b62a04f32ed75a10ad3259a7218d,71d1ac92ad36b62a04f32ed75a10ad3259a7218d
3494636231778055534,Outlier detection: A survey on techniques of WSNs involving event and error based outliers,outlier+survey,84fab7731f06be4850478988430704e5ae841301,
6080093284369576110,Outlier detection: applications and techniques,outlier+review,4f5844c9e7db68af7c2c5b918082636c3307cef9,
3206211151357832654,Outlier detection: applications and techniques in data mining,outlier+review,057ce2cef2b8444371efd200b8dd6f0bafcfc57d,
16798677794640178118,"Outlier detection: Methods, models, and classification",outlier+review,67c678d04908f534f37804bfc8e30de106595577,
5699445891135620926,"Outlier removal, sum scores, and the inflation of the Type I error rate in independent samples t tests: the power of alternatives and recommendations.",outlier+review,NA,
12164400373503576250,Outlier robust finite population estimation,outlier+survey,NA,
13833274599968303226,Outlier robust imputation of survey data,outlier+survey,f30a9f264bcf1b54d63128d701eac6e8938a2f22,
6200467123338562941,Outlier separability analysis with a multiple alternative hypotheses test,outlier+review,NA,
11248724536178235365,Outliers detection and treatment: a review.,outlier+review,NA,
7002150606297754244,Outliers in questionnaire data: can they be detected and should they be removed?,outlier+review,NA,
9648239085172976588,Outliers: An evaluation of methodologies,outlier+review,NA,
5140880437800201989,Performance anomaly detection and bottleneck identification,anomaly+review,NA,
17705877539234241434,Performance evaluation of outlier detection techniques in production timeseries: A systematic review and meta-analysis,outlier+review,NA,
1672378246524000196,Peters anomaly: review of the literature,anomaly+review,a6ab9cbd762bcad35f3b936f785d34ef618ee49c,
807937922986635558,Photo-z outlier self-calibration in weak lensing surveys,outlier+survey,7b002f7b37b9bfffbd15d6e04ec73ef45819df7f,
4324578530971782523,Presentation and treatment of Poland anomaly,anomaly+review,NA,
433900776766245814,Prevalence of the aberrant right subclavian artery reported in a published systematic review of cadaveric studies: the impact of an outlier,outlier+review,07d98ca90209b04d44f26fa9c45754292369cd26,
14583232481855142226,Progress in outlier detection techniques: A survey,outlier+review,275aaca7621b2ee4ff81cd37162f6c9a90f306e4,
16153718488344416658,Protestant relational ideology: The cognitive underpinnings and organizational implications of an American anomaly,anomaly+review,NA,
568840272748840437,Rat probasin: structure and function of an outlier lipocalin,outlier+review,NA,
14608493806179180750,Real-time big data processing for anomaly detection: A survey,anomaly+review,3cfe075af77bf0364e6ddecb3d223960d06e8927,
4627905598887048073,Recent advances in anomaly detection methods applied to aviation,anomaly+review,3429ede7bfcdfb31a3542b80c46025f0030932db,
2674076626844321362,Recent developments in the understanding of equatorial ionization anomaly: A review,anomaly+review,c2286c26f5d0185f549180ac457eee1cd13edf38,
2618344618818080769,Recent progress of anomaly detection,anomaly+review,NA,
15400755427609683773,RelB: an outlier in leukocyte biology,outlier+review,f1589af53bdab62f4bd64cb72a3356496e544171,
15427743459948421026,Research issues in outlier detection,outlier+review,da8aadd6e5d786dc277244eb51a8195b9097df15,
6670806200157077165,Research issues in outlier detection for data streams,outlier+review,NA,
17085375105317977607,Research progress on outlier mining,outlier+review,NA,
8886655620656095464,Review and big data perspectives on robust data mining approaches for industrial process modeling with outliers and missing data,outlier+review,NA,
15816932984486477352,Review and comparative evaluation of symbolic dynamic filtering for detection of anomaly patterns,anomaly+review,a3f18d75623d994e19a4c52ee7c0b448a67daf0e,
7328574354670234764,Review of outlier detection and identifying using robust regression model,outlier+review,56e6e25ca7b14f59a9bbd00fb9b2a5cdce3d429c,
7932017282876832499,"Review of the Proterozoic evolution of the Grenville Province, its Adirondack outlier, and the Mesoproterozoic inliers of the Appalachians",outlier+review,fcbadde50a96deebe80044c09e48659d6aa127bc,
8079854398476590345,Review on anomaly based network intrusion detection system,anomaly+review,13df0f1045c6b010d81a754103b9cad78c2beb47,
15402288731946191413,Robust statistics for outlier detection,outlier+review,NA,
8588775705664496823,Robustness and outlier detection in chemometrics,outlier+review,NA,
18210374680558115586,Screening for medication errors using an outlier detection system,outlier+review,66872384b9aa9cb7cf5ae06d99d444fff4dcbb0a,
8145970889799175512,Semi-supervised anomaly detection algorithms: A comparative summary and future research directions,anomaly+survey,NA,
4972416284089592983,Severe insect pest impacts on New Zealand pasture: the plight of an ecological outlier,outlier+review,a6f34b32743e902bd930a2bd84336b82a93f85a8,
17044465789555220830,Sex preference in south Asia: Sri Lanka an outlier,outlier+review,NA,
6707710296836084497,Smart anomaly detection in sensor systems: A multi-perspective review,anomaly+review,4bb42d0c581b0d7baa31147f145424d9840204b2,
7067014763611611547,SOM ensemble for unsupervised outlier analysis. Application to outlier identification in the Gaia astronomical survey,outlier+survey,707997684d716469831e2327212fc37265026126,
16298398834923075576,Statistical data preparation: management of missing values and outliers,outlier+review,NA,
6366157081846866142,Survey on anomaly detection using data mining techniques,anomaly+review,4ecc1703dfa8cf20767321746a10524ab733493b,
12638170054893408557,Survey on incremental approaches for network anomaly detection,anomaly+survey,3fdfd243f2c1c8ea974ed661dc06b35849b9ead9,
14881653643246325878,Survey on outlier detection in data mining,outlier+survey,ad3d162d82f4b5da6571db25602749e392780fae,
15377270826564366537,Survey on outlier detection in data stream,outlier+survey,4cf9ce74e4076a14cc8b636df2130b01f7b7c6ff,
10629552088407646111,SVR-based outlier detection and its application to hotel ranking,outlier+review,NA,
7798559066288871622,Swarm intelligence in anomaly detection systems: an overview,anomaly+review,7374ad5ac41318b5ea8cf67728480f7522d3c021,
327638618850845914,Systematic review of the literature: parental outcomes after diagnosis of fetal anomaly,anomaly+review,24d4863a3c3badc3c4adccba47c282ed21a9fce0,
16053471397885344042,Taxonomy of anomaly based intrusion detection system: a review,anomaly+review,4bf0fdf066bc9dff6a96b92738843e266ee57873,
13200090915498569719,Tensor-based anomaly detection: An interdisciplinary survey,anomaly+review,1a0a0c3193770c3b4a43783efbdaeb263f513dea,
9784078868477134313,The 5q− anomaly,anomaly+review,2390da8a3bf78824d12f882316267c75792297c3,
8888640834223653653,The anomaly called psi: Recent research and criticism,anomaly+review,NA,
17360762318804740477,The association of intensivists with failure-to-rescue rates in outlier hospitals: results of a national survey of intensive care unit organizational characteristics,outlier+survey,ee45b1506090f37f96d07a717e134606603a476e,
16185895658178345047,The BACON-EEM algorithm for multivariate outlier detection in incomplete survey data,outlier+survey,d059b34072b9276de08686b4e605e721d9e99bfa,
11844293465573356117,The chiral magnetic effect and anomaly-induced transport,anomaly+review,NA,
7155683628298361770,The committee outlier debate: a review and a reexamination of some of the evidence,outlier+review,c5029fda4043a94f468e6551f72693a1bac08395,
7141710121042918936,The compelling anomaly of chemical intolerance,anomaly+review,NA,
18190103087619304691,The DiGeorge anomaly,anomaly+review,NA,
8439216019789309577,The DiGeorge anomaly as a developmental field defect,anomaly+review,NA,
2248195366613783131,The DiGeorge anomaly.,anomaly+review,NA,
13247257851542544412,The ecology of the zebra finch makes it a great laboratory model but an outlier amongst passerine birds,outlier+review,NA,
1963960069209086887,The forward discount anomaly and the risk premium: A survey of recent evidence,anomaly+review,1b4699fe367fd1e047148c19af86748becbcd090,
13418827579176709328,The outlier in all of us: why implementing pharmacogenomics could matter for everyone,outlier+review,NA,
10177687332748729691,The outlier survey: A regional view of settlement in the San Juan Basin,outlier+survey,05b5e705b51755a669232bf3ae95dc6efdcfd09e,
2750646612855375233,The palatally displaced canine as a dental anomaly of genetic origin,anomaly+survey,NA,
16591370746482138146,The pioneer anomaly,anomaly+review,NA,
16647875156180423810,The presentation format of review score information influences consumer preferences through the attribution of outlier reviews,outlier+review,b2afa6da42b6e64cc9fca9bd5d37860ed8808dba,
1363107996291373554,The prion hypothesis: from biological anomaly to basic regulatory mechanism,anomaly+survey,NA,
3622110439483798621,"The recent Atlantic cold anomaly: Causes, consequences, and related phenomena",anomaly+review,3d20dafd0c9e8089108a4670b8d83aa42b367536,
9811933428286653240,The theory of the Bouguer gravity anomaly: A tutorial,anomaly+survey,NA,
1960525085071158090,There and back again: Outlier detection between statistical reasoning and data mining algorithms,outlier+review,29908e7b3145d9626201a08c4b91f65cc2d1e37d,
4538850856727112388,To clean or not to clean phenotypic datasets for outlier plants in genetic analyses?,outlier+review,NA,
18271200370875066492,Trajectory outlier detection for traffic events: A survey,outlier+survey,9f7cb155ed4da92b54091b70ac36762f88d07504,
14018055672754307439,Transient wave-based methods for anomaly detection in fluid pipes: A review,anomaly+review,NA,
5600755071129068899,Tutorial review—Outliers in experimental data and their treatment,outlier+review,NA,
11797299873165580558,Twenty years of the Weyl anomaly,anomaly+review,NA,
6836683208388587842,Univariate outliers: a conceptual overview for the nurse researcher,outlier+review,NA,
4396658083365474052,"Urban Anomaly Analytics: Description, Detection, and Prediction",anomaly+review,ee9f40f1c1e77b0b39b6e4a158208614fb4995c0,
9723709699534060589,Using low resolution satellite imagery for yield prediction and yield anomaly detection,anomaly+review,NA,
14078236133989311421,Using outlier analysis to detect partisan gerrymanders: A survey of current approaches and future directions,outlier+review,3b6e9c4deb3d5458dac9da295f6d4274f0c3d0a1,
2126870991479892621,Using the variogram for vector outlier screening: application to feature-based image registration,outlier+review,NA,
9564534237720699144,Vascular anomaly cases for the pediatric hematologist oncologists—an interdisciplinary review,anomaly+review,NA,
6613572350555511522,Visual anomaly detection for images: A survey,anomaly+survey,cf122c84af8c85e15c3dffaca4069dd455b56a1e,
